Kounan,98255
Iwakura,47983
Inuyama,73090
Husou,34133
Oguti,24305
Kasugai,308681
Toyoyama,15613
Komaki,148831
Nagakute,60162
Seto,127792
Owariasahi,83144
Miyoshi,61952
Nisshin,91520
Toyoake,69295
Tougou,43903
Toukai,113787
Obu,93123
Anzyou,187990
Kariya,153834
Tiryuu,72193
Handa,117884
Takahama,46106
Higashiura,49596
Agui,28383
Kiyosu,67352
Kitanagoya,86385
Itinomiya,380073
Oharu,32399
Tushima,60942
Inazawa,134751
Ama,86126
Yatomi,43025
Aisai,60829
Kanie,37338
Nagoya,2332176
Hekinan,72458
Mihama,22496
Taketoyo,43535
Kamagoori,79538
Kouta,42449
Shinshiro,44355
Toyohashi,371920
Toyokawa,184661
Okazaki,384654
Toyota,422330
Toyonemura,1017
Touei,2942
Shitara,4437
Tobishimamura,4575
Tita,84364
Tokoroname,58710
Minamitita,16617
Nishio,169046
Tahara,59360